<?xml version="1.0" encoding="UTF-8"?>
<project-private xmlns="http://www.netbeans.org/ns/project-private/1">
    <editor-bookmarks xmlns="http://www.netbeans.org/ns/editor-bookmarks/2" lastBookmarkId="0"/>
    <open-files xmlns="http://www.netbeans.org/ns/projectui-open-files/2">
        <group>
            <file>file:/E:/PROJECT/sourabh1/web/Register_4.jsp</file>
            <file>file:/E:/PROJECT/sourabh1/web/Register_3.jsp</file>
            <file>file:/E:/PROJECT/sourabh1/src/java/demo/sou_login.java</file>
        </group>
    </open-files>
</project-private>
